{
    "engine/solutions/ours_1.csv": 0.002055476699412635,
    "engine/solutions/wost_1.csv": 0.01828529947700217,
    "engine/solutions/ours_2.csv": 0.0009478164645271846,
    "engine/solutions/wost_2.csv": 0.009265359318724862,
    "engine/solutions/ours_4.csv": 0.0004740880013701823,
    "engine/solutions/wost_4.csv": 0.004643015661079172,
    "engine/solutions/ours_8.csv": 0.0002341563271177296,
    "engine/solutions/wost_8.csv": 0.002345765200567552,
    "engine/solutions/ours_16.csv": 0.00011913419491179786,
    "engine/solutions/wost_16.csv": 0.0011592235698303292,
    "engine/solutions/ours_32.csv": 5.974265931897163e-05,
    "engine/solutions/wost_32.csv": 0.0005620531497973408,
    "engine/solutions/ours_64.csv": 3.162384194681526e-05,
    "engine/solutions/wost_64.csv": 0.00029158668521303533,
    "engine/solutions/ours_128.csv": 1.568554417835022e-05,
    "engine/solutions/wost_128.csv": 0.000141691164323816,
    "engine/solutions/ours_256.csv": 7.847720269785355e-06,
    "engine/solutions/wost_256.csv": 7.317680439012545e-05,
    "engine/solutions/ours_512.csv": 3.888397230927527e-06,
    "engine/solutions/wost_512.csv": 3.534310157378743e-05,
    "engine/solutions/ours_1024.csv": 2.07304186660645e-06,
    "engine/solutions/wost_1024.csv": 1.829194094166236e-05
}