{
    "engine/solutions/ours_1.csv": 0.0017915005552076578,
    "engine/solutions/wost_1.csv": 0.018389397416059362,
    "engine/solutions/ours_2.csv": 0.0009740611437427827,
    "engine/solutions/wost_2.csv": 0.008986473994043828,
    "engine/solutions/ours_4.csv": 0.0004914860110640859,
    "engine/solutions/wost_4.csv": 0.004643740666931025,
    "engine/solutions/ours_8.csv": 0.0002627395918015035,
    "engine/solutions/wost_8.csv": 0.00234636329032792,
    "engine/solutions/ours_16.csv": 0.00012642988300012954,
    "engine/solutions/wost_16.csv": 0.00115865986217727,
    "engine/solutions/ours_32.csv": 6.212102447533719e-05,
    "engine/solutions/wost_32.csv": 0.0005621818782237931,
    "engine/solutions/ours_64.csv": 3.023184352114475e-05,
    "engine/solutions/wost_64.csv": 0.0002915753872579672,
    "engine/solutions/ours_128.csv": 1.5306102953570886e-05,
    "engine/solutions/wost_128.csv": 0.00014160566564674654,
    "engine/solutions/ours_256.csv": 7.927873225413702e-06,
    "engine/solutions/wost_256.csv": 7.312072395932366e-05,
    "engine/solutions/ours_512.csv": 3.966067699542984e-06,
    "engine/solutions/wost_512.csv": 3.5360905166445073e-05,
    "engine/solutions/ours_1024.csv": 2.0619419624322728e-06,
    "engine/solutions/wost_1024.csv": 1.8285539990904173e-05,
    "engine/solutions/meanvalue_1.csv": 0.00866173523327173,
    "engine/solutions/meanvalue_2.csv": 0.0036427258119253905,
    "engine/solutions/meanvalue_4.csv": 0.0022194773294687974,
    "engine/solutions/meanvalue_8.csv": 0.0014323573420670745,
    "engine/solutions/meanvalue_16.csv": 0.0008507143659475165,
    "engine/solutions/meanvalue_32.csv": 0.0007384950993927113,
    "engine/solutions/meanvalue_64.csv": 0.000543003376251953,
    "engine/solutions/meanvalue_128.csv": 0.0004655741289539193,
    "engine/solutions/meanvalue_256.csv": 0.00042059920016150376,
    "engine/solutions/meanvalue_512.csv": 0.0003225395747778281,
    "engine/solutions/meanvalue_1024.csv": 0.0004185055862243836,
    "engine/solutions/meanvalue_w_1.csv": 0.0076583549337328515,
    "engine/solutions/meanvalue_w_2.csv": 0.004113323589082603,
    "engine/solutions/meanvalue_w_4.csv": 0.0025871218608279384,
    "engine/solutions/meanvalue_w_8.csv": 0.0011714105610316063,
    "engine/solutions/meanvalue_w_16.csv": 0.0010496405086570734,
    "engine/solutions/meanvalue_w_32.csv": 0.0005271926670035849,
    "engine/solutions/meanvalue_w_64.csv": 0.0005787908367669226,
    "engine/solutions/meanvalue_w_128.csv": 0.0004092620674215577,
    "engine/solutions/meanvalue_w_256.csv": 0.00033532865979688805,
    "engine/solutions/meanvalue_w_512.csv": 0.00030760293064235547,
    "engine/solutions/meanvalue_w_1024.csv": 0.0002922979405644015,
    "engine/solutions/meanvalue_w_r_1.csv": 0.009004440228531047,
    "engine/solutions/meanvalue_w_r_2.csv": 0.0039045735630146073,
    "engine/solutions/meanvalue_w_r_4.csv": 0.0036235685125425225,
    "engine/solutions/meanvalue_w_r_8.csv": 0.00163229957850464,
    "engine/solutions/meanvalue_w_r_16.csv": 0.0015960573048858138,
    "engine/solutions/meanvalue_w_r_32.csv": 0.0011439331777695504,
    "engine/solutions/meanvalue_w_r_64.csv": 0.001032487249540172,
    "engine/solutions/meanvalue_w_r_128.csv": 0.0009835939770586968,
    "engine/solutions/meanvalue_w_r_256.csv": 0.0012371796984753122,
    "engine/solutions/meanvalue_w_r_512.csv": 0.0013067263513599288,
    "engine/solutions/meanvalue_w_r_1024.csv": 0.0010113339191734165,
    "engine/solutions/meanvalue_r_1.csv": 0.0076733471117776415,
    "engine/solutions/meanvalue_r_2.csv": 0.004955763487902986,
    "engine/solutions/meanvalue_r_4.csv": 0.0027612915916657584,
    "engine/solutions/meanvalue_r_8.csv": 0.002231158330693528,
    "engine/solutions/meanvalue_r_16.csv": 0.0017854006517823338,
    "engine/solutions/meanvalue_r_32.csv": 0.0017699348283298731,
    "engine/solutions/meanvalue_r_64.csv": 0.001350594947662132,
    "engine/solutions/meanvalue_r_128.csv": 0.0011063712838068518,
    "engine/solutions/meanvalue_r_256.csv": 0.002425515576244223,
    "engine/solutions/meanvalue_r_512.csv": 0.001108917510925817,
    "engine/solutions/meanvalue_r_1024.csv": 0.0016749113932432857
}