{
    "engine/solutions/ours_1_color.pfm": 0.0452168770134449,
    "engine/solutions/wost_1_color.pfm": 0.0908406600356102,
    "engine/solutions/ours_2_color.pfm": 0.035552978515625,
    "engine/solutions/wost_2_color.pfm": 0.0686848983168602,
    "engine/solutions/ours_4_color.pfm": 0.02576192282140255,
    "engine/solutions/wost_4_color.pfm": 0.0507456474006176,
    "engine/solutions/ours_8_color.pfm": 0.020263671875,
    "engine/solutions/wost_8_color.pfm": 0.0402882881462574,
    "engine/solutions/ours_16_color.pfm": 0.013799031265079975,
    "engine/solutions/wost_16_color.pfm": 0.0268402099609375,
    "engine/solutions/ours_32_color.pfm": 0.0096435546875,
    "engine/solutions/wost_32_color.pfm": 0.01830037496984005,
    "engine/solutions/ours_64_color.pfm": 0.0070037841796875,
    "engine/solutions/wost_64_color.pfm": 0.012700398452579975,
    "engine/solutions/ours_128_color.pfm": 0.0050201416015625,
    "engine/solutions/wost_128_color.pfm": 0.00885009765625,
    "engine/solutions/ours_256_color.pfm": 0.0036824543494731188,
    "engine/solutions/wost_256_color.pfm": 0.0064697265625,
    "engine/solutions/ours_512_color.pfm": 0.0025787353515625,
    "engine/solutions/wost_512_color.pfm": 0.0045318603515625,
    "engine/solutions/ours_1024_color.pfm": 0.0020345051307231188,
    "engine/solutions/wost_1024_color.pfm": 0.0033416748046875,
    "engine/solutions/ours_1.pfm": 0.024383544921875,
    "engine/solutions/wost_1.pfm": 0.0706329345703125,
    "engine/solutions/ours_2.pfm": 0.017669677734375,
    "engine/solutions/wost_2.pfm": 0.0720367431640625,
    "engine/solutions/ours_4.pfm": 0.011077880859375,
    "engine/solutions/wost_4.pfm": 0.0513458251953125,
    "engine/solutions/ours_8.pfm": 0.00677490234375,
    "engine/solutions/wost_8.pfm": 0.0386962890625,
    "engine/solutions/ours_16.pfm": 0.005035400390625,
    "engine/solutions/wost_16.pfm": 0.0295562744140625,
    "engine/solutions/ours_32.pfm": 0.003173828125,
    "engine/solutions/wost_32.pfm": 0.0203399658203125,
    "engine/solutions/ours_64.pfm": 0.001983642578125,
    "engine/solutions/wost_64.pfm": 0.0136566162109375,
    "engine/solutions/ours_128.pfm": 0.0014495849609375,
    "engine/solutions/wost_128.pfm": 0.0097503662109375,
    "engine/solutions/ours_256.pfm": 0.001007080078125,
    "engine/solutions/wost_256.pfm": 0.0070037841796875,
    "engine/solutions/ours_512.pfm": 0.0008544921875,
    "engine/solutions/wost_512.pfm": 0.00469970703125,
    "engine/solutions/ours_1024.pfm": 0.00067138671875,
    "engine/solutions/wost_1024.pfm": 0.0035247802734375
}