{
    "engine/solutions/ours_1.csv": 0.0017915005552076578,
    "engine/solutions/wost_1.csv": 0.018389397416059362,
    "engine/solutions/ours_2.csv": 0.0009740611437427827,
    "engine/solutions/wost_2.csv": 0.008986473994043828,
    "engine/solutions/ours_4.csv": 0.0004914860110640859,
    "engine/solutions/wost_4.csv": 0.004643740666931025,
    "engine/solutions/ours_8.csv": 0.0002627395918015035,
    "engine/solutions/wost_8.csv": 0.00234636329032792,
    "engine/solutions/ours_16.csv": 0.00012642988300012954,
    "engine/solutions/wost_16.csv": 0.00115865986217727,
    "engine/solutions/ours_32.csv": 6.212102447533719e-05,
    "engine/solutions/wost_32.csv": 0.0005621818782237931,
    "engine/solutions/ours_64.csv": 3.023184352114475e-05,
    "engine/solutions/wost_64.csv": 0.0002915753872579672,
    "engine/solutions/ours_128.csv": 1.5306102953570886e-05,
    "engine/solutions/wost_128.csv": 0.00014160566564674654,
    "engine/solutions/ours_256.csv": 7.927873225413702e-06,
    "engine/solutions/wost_256.csv": 7.312072395932366e-05,
    "engine/solutions/ours_512.csv": 3.966067699542984e-06,
    "engine/solutions/wost_512.csv": 3.5360905166445073e-05,
    "engine/solutions/ours_1024.csv": 2.0619419624322728e-06,
    "engine/solutions/wost_1024.csv": 1.8285539990904173e-05,
    "engine/solutions/meanvalue_1.csv": 0.0016049470837449496,
    "engine/solutions/meanvalue_2.csv": 0.0009104338382497064,
    "engine/solutions/meanvalue_4.csv": 0.00044797973939742625,
    "engine/solutions/meanvalue_8.csv": 0.00025454657454617103,
    "engine/solutions/meanvalue_16.csv": 0.00015171264221403483,
    "engine/solutions/meanvalue_32.csv": 0.00011372916327447916,
    "engine/solutions/meanvalue_64.csv": 7.371771797539406e-05,
    "engine/solutions/meanvalue_128.csv": 7.521694685807696e-05,
    "engine/solutions/meanvalue_256.csv": 6.796807823053652e-05,
    "engine/solutions/meanvalue_512.csv": 4.993225714930206e-05,
    "engine/solutions/meanvalue_1024.csv": 5.5188701365995535e-05,
    "engine/solutions/meanvalue_w_1.csv": 0.0019390627893704953,
    "engine/solutions/meanvalue_w_2.csv": 0.0008836743515350681,
    "engine/solutions/meanvalue_w_4.csv": 0.0004851319589745122,
    "engine/solutions/meanvalue_w_8.csv": 0.0002774442305600529,
    "engine/solutions/meanvalue_w_16.csv": 0.00014640295002629237,
    "engine/solutions/meanvalue_w_32.csv": 9.912761586986062e-05,
    "engine/solutions/meanvalue_w_64.csv": 6.134445102548625e-05,
    "engine/solutions/meanvalue_w_128.csv": 4.3972111973034345e-05,
    "engine/solutions/meanvalue_w_256.csv": 4.528225836477426e-05,
    "engine/solutions/meanvalue_w_512.csv": 4.513328888127838e-05,
    "engine/solutions/meanvalue_w_1024.csv": 3.733245145734268e-05,
    "engine/solutions/meanvalue_w_r_1.csv": 0.001642430966287056,
    "engine/solutions/meanvalue_w_r_2.csv": 0.0008662590202366141,
    "engine/solutions/meanvalue_w_r_4.csv": 0.0004068055910996514,
    "engine/solutions/meanvalue_w_r_8.csv": 0.0002714355906782988,
    "engine/solutions/meanvalue_w_r_16.csv": 0.00016320886998735828,
    "engine/solutions/meanvalue_w_r_32.csv": 9.669585764444364e-05,
    "engine/solutions/meanvalue_w_r_64.csv": 6.101729844519037e-05,
    "engine/solutions/meanvalue_w_r_128.csv": 4.453522763797849e-05,
    "engine/solutions/meanvalue_w_r_256.csv": 4.2661154782157784e-05,
    "engine/solutions/meanvalue_w_r_512.csv": 3.795270879059933e-05,
    "engine/solutions/meanvalue_w_r_1024.csv": 4.0542276448088724e-05,
    "engine/solutions/meanvalue_r_1.csv": 0.0012941060458019663,
    "engine/solutions/meanvalue_r_2.csv": 0.0007887508838532913,
    "engine/solutions/meanvalue_r_4.csv": 0.0004332928957539703,
    "engine/solutions/meanvalue_r_8.csv": 0.0002551097283873666,
    "engine/solutions/meanvalue_r_16.csv": 0.00014173168744357415,
    "engine/solutions/meanvalue_r_32.csv": 0.00010515828154728945,
    "engine/solutions/meanvalue_r_64.csv": 8.008297597558347e-05,
    "engine/solutions/meanvalue_r_128.csv": 6.859836568980351e-05,
    "engine/solutions/meanvalue_r_256.csv": 6.255045298157516e-05,
    "engine/solutions/meanvalue_r_512.csv": 6.134035146626399e-05,
    "engine/solutions/meanvalue_r_1024.csv": 4.9060366826248835e-05
}