{
    "engine/solutions/ours_1_color.pfm": 0.02874247170984745,
    "engine/solutions/wost_1_color.pfm": 0.09283447265625,
    "engine/solutions/ours_2_color.pfm": 0.02327474020421505,
    "engine/solutions/wost_2_color.pfm": 0.0684000626206398,
    "engine/solutions/ours_4_color.pfm": 0.0167388916015625,
    "engine/solutions/wost_4_color.pfm": 0.0507354736328125,
    "engine/solutions/ours_8_color.pfm": 0.012446085922420025,
    "engine/solutions/wost_8_color.pfm": 0.0399373359978199,
    "engine/solutions/ours_16_color.pfm": 0.010920207016170025,
    "engine/solutions/wost_16_color.pfm": 0.02652994729578495,
    "engine/solutions/ours_32_color.pfm": 0.008880615234375,
    "engine/solutions/wost_32_color.pfm": 0.0182952880859375,
    "engine/solutions/ours_64_color.pfm": 0.008473713882267475,
    "engine/solutions/wost_64_color.pfm": 0.012842814438045025,
    "engine/solutions/ours_128_color.pfm": 0.007832844741642475,
    "engine/solutions/wost_128_color.pfm": 0.009282429702579975,
    "engine/solutions/ours_256_color.pfm": 0.007868449203670025,
    "engine/solutions/wost_256_color.pfm": 0.0064849853515625,
    "engine/solutions/ours_512_color.pfm": 0.0078277587890625,
    "engine/solutions/wost_512_color.pfm": 0.00482177734375,
    "engine/solutions/ours_1024_color.pfm": 0.0077768960036337376,
    "engine/solutions/wost_1024_color.pfm": 0.0033060710411518812
}