{
    "engine/solutions/ours_1_color.pfm": 0.02517191506922245,
    "engine/solutions/wost_1_color.pfm": 0.0912984237074852,
    "engine/solutions/ours_2_color.pfm": 0.01812744140625,
    "engine/solutions/wost_2_color.pfm": 0.0691630020737648,
    "engine/solutions/ours_4_color.pfm": 0.012781779281795025,
    "engine/solutions/wost_4_color.pfm": 0.0514373779296875,
    "engine/solutions/ours_8_color.pfm": 0.009424845688045025,
    "engine/solutions/wost_8_color.pfm": 0.0404764823615551,
    "engine/solutions/ours_16_color.pfm": 0.0064036049880087376,
    "engine/solutions/wost_16_color.pfm": 0.02718099020421505,
    "engine/solutions/ours_32_color.pfm": 0.0044453940354287624,
    "engine/solutions/wost_32_color.pfm": 0.01775614358484745,
    "engine/solutions/ours_64_color.pfm": 0.0030059814453125,
    "engine/solutions/wost_64_color.pfm": 0.0128326416015625,
    "engine/solutions/ours_128_color.pfm": 0.0020599365234375,
    "engine/solutions/wost_128_color.pfm": 0.0086517333984375,
    "engine/solutions/ours_256_color.pfm": 0.0015055338153615594,
    "engine/solutions/wost_256_color.pfm": 0.0063425698317587376,
    "engine/solutions/ours_512_color.pfm": 0.0011698404559865594,
    "engine/solutions/wost_512_color.pfm": 0.0042266845703125,
    "engine/solutions/ours_1024_color.pfm": 0.0029754638671875,
    "engine/solutions/wost_1024_color.pfm": 0.0029144287109375,
    "engine/solutions/ours_1.pfm": 0.0251922607421875,
    "engine/solutions/wost_1.pfm": 0.0709381103515625,
    "engine/solutions/ours_2.pfm": 0.0175628662109375,
    "engine/solutions/wost_2.pfm": 0.074066162109375,
    "engine/solutions/ours_4.pfm": 0.0110626220703125,
    "engine/solutions/wost_4.pfm": 0.0526123046875,
    "engine/solutions/ours_8.pfm": 0.00750732421875,
    "engine/solutions/wost_8.pfm": 0.039886474609375,
    "engine/solutions/ours_16.pfm": 0.0052337646484375,
    "engine/solutions/wost_16.pfm": 0.029632568359375,
    "engine/solutions/ours_32.pfm": 0.003173828125,
    "engine/solutions/wost_32.pfm": 0.02008056640625,
    "engine/solutions/ours_64.pfm": 0.0022125244140625,
    "engine/solutions/wost_64.pfm": 0.0141143798828125,
    "engine/solutions/ours_128.pfm": 0.0015411376953125,
    "engine/solutions/wost_128.pfm": 0.009368896484375,
    "engine/solutions/ours_256.pfm": 0.0011138916015625,
    "engine/solutions/wost_256.pfm": 0.0069580078125,
    "engine/solutions/ours_512.pfm": 0.0007781982421875,
    "engine/solutions/wost_512.pfm": 0.004913330078125,
    "engine/solutions/ours_1024.pfm": 0.001495361328125,
    "engine/solutions/wost_1024.pfm": 0.0034027099609375,
    "engine/solutions/ours_1024_color.png": 1.1587930917739868,
    "engine/solutions/wost_1024.png": 1.3259429931640625
}