{
    "engine/solutions/ours_1.csv": 0.0017915005552076578,
    "engine/solutions/wost_1.csv": 0.018389397416059362,
    "engine/solutions/ours_2.csv": 0.0009740611437427827,
    "engine/solutions/wost_2.csv": 0.008986473994043828,
    "engine/solutions/ours_4.csv": 0.0004914860110640859,
    "engine/solutions/wost_4.csv": 0.004643740666931025,
    "engine/solutions/ours_8.csv": 0.0002627395918015035,
    "engine/solutions/wost_8.csv": 0.00234636329032792,
    "engine/solutions/ours_16.csv": 0.00012642988300012954,
    "engine/solutions/wost_16.csv": 0.00115865986217727,
    "engine/solutions/ours_32.csv": 6.212102447533719e-05,
    "engine/solutions/wost_32.csv": 0.0005621818782237931,
    "engine/solutions/ours_64.csv": 3.023184352114475e-05,
    "engine/solutions/wost_64.csv": 0.0002915753872579672,
    "engine/solutions/ours_128.csv": 1.5306102953570886e-05,
    "engine/solutions/wost_128.csv": 0.00014160566564674654,
    "engine/solutions/ours_256.csv": 7.927873225413702e-06,
    "engine/solutions/wost_256.csv": 7.312072395932366e-05,
    "engine/solutions/ours_512.csv": 3.966067699542984e-06,
    "engine/solutions/wost_512.csv": 3.5360905166445073e-05,
    "engine/solutions/ours_1024.csv": 2.0619419624322728e-06,
    "engine/solutions/wost_1024.csv": 1.8285539990904173e-05,
    "engine/solutions/meanvalue_1.csv": 0.0016049470837449496,
    "engine/solutions/meanvalue_2.csv": 0.0009104338382497064,
    "engine/solutions/meanvalue_4.csv": 0.00044797973939742625,
    "engine/solutions/meanvalue_8.csv": 0.00025454657454617103,
    "engine/solutions/meanvalue_16.csv": 0.00015171264221403483,
    "engine/solutions/meanvalue_32.csv": 0.00011372916327447916,
    "engine/solutions/meanvalue_64.csv": 7.371771797539406e-05,
    "engine/solutions/meanvalue_128.csv": 7.521694685807696e-05,
    "engine/solutions/meanvalue_256.csv": 6.796807823053652e-05,
    "engine/solutions/meanvalue_512.csv": 4.993225714930206e-05,
    "engine/solutions/meanvalue_1024.csv": 5.5188701365995535e-05,
    "engine/solutions/meanvalue_w_1.csv": 0.0019390627893704953,
    "engine/solutions/meanvalue_w_2.csv": 0.0008836743515350681,
    "engine/solutions/meanvalue_w_4.csv": 0.0004851319589745122,
    "engine/solutions/meanvalue_w_8.csv": 0.0002774442305600529,
    "engine/solutions/meanvalue_w_16.csv": 0.00014640295002629237,
    "engine/solutions/meanvalue_w_32.csv": 9.912761586986062e-05,
    "engine/solutions/meanvalue_w_64.csv": 6.134445102548625e-05,
    "engine/solutions/meanvalue_w_128.csv": 4.3972111973034345e-05,
    "engine/solutions/meanvalue_w_256.csv": 4.528225836477426e-05,
    "engine/solutions/meanvalue_w_512.csv": 4.513328888127838e-05,
    "engine/solutions/meanvalue_w_1024.csv": 3.733245145734268e-05,
    "engine/solutions/meanvalue_w_r_1.csv": 0.0017969823152599355,
    "engine/solutions/meanvalue_w_r_2.csv": 0.0009167905366004774,
    "engine/solutions/meanvalue_w_r_4.csv": 0.0004986871753651196,
    "engine/solutions/meanvalue_w_r_8.csv": 0.00025764941607035155,
    "engine/solutions/meanvalue_w_r_16.csv": 0.0001684519664991259,
    "engine/solutions/meanvalue_w_r_32.csv": 0.00010721257217478431,
    "engine/solutions/meanvalue_w_r_64.csv": 8.565069322040723e-05,
    "engine/solutions/meanvalue_w_r_128.csv": 7.93830303309226e-05,
    "engine/solutions/meanvalue_w_r_256.csv": 6.434357444971118e-05,
    "engine/solutions/meanvalue_w_r_512.csv": 5.244517719137403e-05,
    "engine/solutions/meanvalue_w_r_1024.csv": 5.250120185847188e-05,
    "engine/solutions/meanvalue_r_1.csv": 0.0016044634437267385,
    "engine/solutions/meanvalue_r_2.csv": 0.0007937423150386918,
    "engine/solutions/meanvalue_r_4.csv": 0.0004568454368957633,
    "engine/solutions/meanvalue_r_8.csv": 0.0002838341321267972,
    "engine/solutions/meanvalue_r_16.csv": 0.00018018344819184122,
    "engine/solutions/meanvalue_r_32.csv": 0.00011598264649025124,
    "engine/solutions/meanvalue_r_64.csv": 0.00010888385990577165,
    "engine/solutions/meanvalue_r_128.csv": 0.00010669803207028137,
    "engine/solutions/meanvalue_r_256.csv": 7.539991220516583e-05,
    "engine/solutions/meanvalue_r_512.csv": 8.245358932992386e-05,
    "engine/solutions/meanvalue_r_1024.csv": 0.00013132982782110695
}