{
    "engine/solutions/ours_1_color.png": 1089.7012939453125,
    "engine/solutions/wost_1_color.png": 2560.578857421875,
    "engine/solutions/ours_2_color.png": 732.5153198242188,
    "engine/solutions/wost_2_color.png": 1711.373046875,
    "engine/solutions/ours_4_color.png": 416.0087585449219,
    "engine/solutions/wost_4_color.png": 966.7111206054688,
    "engine/solutions/ours_8_color.png": 227.56092834472656,
    "engine/solutions/wost_8_color.png": 529.6251831054688,
    "engine/solutions/ours_16_color.png": 119.1600341796875,
    "engine/solutions/wost_16_color.png": 280.5586853027344,
    "engine/solutions/ours_32_color.png": 61.2007942199707,
    "engine/solutions/wost_32_color.png": 144.3675537109375,
    "engine/solutions/ours_64_color.png": 31.85121726989746,
    "engine/solutions/wost_64_color.png": 71.7952880859375,
    "engine/solutions/ours_128_color.png": 16.2438907623291,
    "engine/solutions/wost_128_color.png": 37.02347946166992,
    "engine/solutions/ours_256_color.png": 8.818751335144043,
    "engine/solutions/wost_256_color.png": 18.91996192932129,
    "engine/solutions/ours_512_color.png": 4.718531131744385,
    "engine/solutions/wost_512_color.png": 9.917567253112793,
    "engine/solutions/ours_1024_color.png": 2.827112913131714,
    "engine/solutions/wost_1024_color.png": 5.3975067138671875
}