{
    "engine/solutions/ours_1_color.pfm": 0.0452168770134449,
    "engine/solutions/wost_1_color.pfm": 0.0908406600356102,
    "engine/solutions/ours_2_color.pfm": 0.035552978515625,
    "engine/solutions/wost_2_color.pfm": 0.0686848983168602,
    "engine/solutions/ours_4_color.pfm": 0.02576192282140255,
    "engine/solutions/wost_4_color.pfm": 0.0507456474006176,
    "engine/solutions/ours_8_color.pfm": 0.020263671875,
    "engine/solutions/wost_8_color.pfm": 0.0402882881462574,
    "engine/solutions/ours_16_color.pfm": 0.013799031265079975,
    "engine/solutions/wost_16_color.pfm": 0.0268402099609375,
    "engine/solutions/ours_32_color.pfm": 0.0096435546875,
    "engine/solutions/wost_32_color.pfm": 0.01830037496984005,
    "engine/solutions/ours_64_color.pfm": 0.0070037841796875,
    "engine/solutions/wost_64_color.pfm": 0.012700398452579975,
    "engine/solutions/ours_128_color.pfm": 0.0050201416015625,
    "engine/solutions/wost_128_color.pfm": 0.00885009765625,
    "engine/solutions/ours_256_color.pfm": 0.0036824543494731188,
    "engine/solutions/wost_256_color.pfm": 0.0064697265625,
    "engine/solutions/ours_512_color.pfm": 0.0025787353515625,
    "engine/solutions/wost_512_color.pfm": 0.0045318603515625,
    "engine/solutions/ours_1024_color.pfm": 0.0020345051307231188,
    "engine/solutions/wost_1024_color.pfm": 0.0033416748046875
}